Year,D Overall Balance (A-B+C),A Current Account Balance,Goods Balance,Exports Of Goods,Imports Of Goods,Services Balance,Exports Of Services,Manufacturing Services On Physical Inputs Owned By Others,Maintenance And Repair Services,Transport,Freight,Others,Travel,Insurance,Government Goods And Services,Construction,Financial,"Telecommunications, Computer & Information",Charges For The Use Of Intellectual Property,"Personal, Cultural And Recreational",Other Business Services,Accounting,Advertising And Market Research,Architectural,Business Management,Engineering And Technical,Legal,Research And Development,Operating Leasing,Trade-Related,Imports Of Services,Primary Income Balance,Primary Income Receipts,Primary Income Payments,Secondary Income Balance,Secondary Income Receipts,Secondary Income Payments,B Capital & Financial Account Balance,Financial Account (Net),Direct Investment,Assets,Liabilities,Portfolio Investment,"Deposit-Taking Corporations, Except The Central Bank",Official,Financial Derivatives,Other Investment,C Net Errors & Omissions,E Reserve Assets,Special Drawing Rights,Reserves Position In The IMF,Foreign Exchange Assets,All Items,Food,Food Excl Food Serving Services,Bread & Cereals,Rice,Flour,Bread,Noodles & Pasta,Biscuits & Cookies,Cakes & Pastries,Other Cereals,Meat,"Pork, Chilled","Beef, Chilled","Mutton, Chilled","Poultry, Chilled","Meat, Frozen",Meat Preparations,Fish & Seafood,"Fish, Chilled","Fish, Frozen",Other Seafood,Seafood Preparations,"Milk, Cheese & Eggs",Formula Milk Powder,Other Milk & Dairy Products,Eggs,Oils & Fats,Butter & Other Fats,Cooking Oils,Fruits,"Tropical Fruits, Fresh","Citrus, Berries & Other Fruits, Fresh",Preserved Fruits & Nuts,Vegetables,"Leafy Vegetables, Fresh","Fruit Vegetables, Fresh","Root Vegetables, Fresh",Other Vegetables & Preparations,"Sugar, Preserves & Confectionery",Sugar,Confectionery & Ice-cream,Sugar Preserves & Spread,Non-alcoholic Beverages,Coffee & Tea,Soft Drinks,Other Beverages,Other Food,Food Serving Services,Restaurant Food,Fast Food,Hawker Food,Hawker Centres,Food Courts & Coffee Shops,Catered Food,Clothing & Footwear,Clothing,Men's Clothing,Women's Clothing,Children's Clothing,Other Articles & Related Services,Footwear,Men's Footwear,Women's Footwear,Children's Footwear,Housing & Utilities,Accommodation3,Utilities & Other Fuels,Water Supply,Refuse Collection,Electricity,Gas,Household Durables & Services,Household Durables,Furniture,Furnishings,Other Household Textiles,Household Appliances,Utensils & Others,Household Services & Supplies,Non-durable Household Goods,Domestic & Household Services,Health Care,Medicines & Health Products,Medicines & Vitamins,Medical Products,Outpatient Services,Fees At Polyclinics,Fees At General Practitioners (GP) Clinics,Fees At Specialist Outpatient Clinics,Dental Services,Paramedical Services,Hospital Services,Health Insurance,Transport_y,Private Transport,Cars,Motorcycles,Petrol,Other Private Transport,Public Transport,Bus & Train Fares,Point-to-point Transport Services2,Other Public Transport,Other Transport Services,Air Fares,Other Transport,Communication,Postage & Courier Services,Telecommunication Equipment,Telecommunication Services,Recreation & Culture,Recreational & Cultural Goods,Information Processing Equipment,Audio-visual Equipment & Others,Games & Toys,Pets & Related Products,Other Recreational & Cultural Goods,Recreational & Cultural Services,Sport Services & Other Fees,Cinema Tickets,Charges To Places Of Interest,Other Recreational & Cultural Services,"Newspapers, Books & Stationery",Newspapers & Magazines,Books & Stationery,Holiday Expenses,Package Tours,Hotels & Other Expenses,Education,Tuition & Other Fees,Primary Education,Secondary Education,"Other General, Vocational & Higher Education",Enrichment & Supplementary Courses,Textbooks & Study Guides,Miscellaneous Goods & Services,Personal Care,Hairdressing,Personal Grooming Services,Other Personal Care,Alcoholic Drinks & Tobacco,Spirits & Wine,Beer,Cigarettes,Personal Effects,Jewellery & Watches,Other Personal Effects,Social Services,Other Miscellaneous Services,All Items Less Imputed Rentals On Owner-occupied Accommodation3,All Items Less Accommodation3
1980,1419.3,-3453.6,-5981.8,42736.5,48718.3,4190.5,9521.7,na,na,1741.2,na,na,3146.9,68.1,162,na,na,na,na,na,4403.5,na,na,na,na,na,na,na,na,na,5331.2,-1326.9,1826.9,3153.8,-335.4,na,na,-3388.1,-3388.1,-2437,na,na,-27.3,na,na,na,-923.8,1484.8,1419.3,24.3,33.8,1361.2,50.317,49.687,na,na,na,na,na,na,na,na,na,na,na,na,na,na,na,na,na,na,na,na,na,na,na,na,na,na,na,na,na,na,na,na,na,na,na,na,na,na,na,na,na,na,na,na,na,na,na,na,na,na,na,na,na,83.202,na,na,na,na,na,na,na,na,na,50.156,na,na,na,na,na,na,65.815,na,na,na,na,na,na,na,na,na,31.315,na,na,na,na,na,na,na,na,na,na,na,42.146,na,na,na,na,na,na,na,na,na,na,na,na,139.199,na,na,na,65.411,na,na,na,na,na,na,na,na,na,na,na,na,na,na,na,na,na,21.133,na,na,na,na,na,na,36.505,na,na,na,na,na,na,na,na,na,na,na,na,na,na,na
1981,1920.8,-3257.7,-9555.4,45732.1,55287.5,8519.5,14420.3,na,na,2039.1,na,na,3872.2,21.7,191.1,na,na,na,na,na,8296.2,na,na,na,na,na,na,na,na,na,5900.8,-1745.9,1956.3,3702.2,-475.9,na,na,-4578.4,-4578.4,-3538.2,na,na,101.1,na,na,na,-1141.3,600.1,1920.8,15.3,46.9,1858.6,54.437,54.563,na,na,na,na,na,na,na,na,na,na,na,na,na,na,na,na,na,na,na,na,na,na,na,na,na,na,na,na,na,na,na,na,na,na,na,na,na,na,na,na,na,na,na,na,na,na,na,na,na,na,na,na,na,84.703,na,na,na,na,na,na,na,na,na,52.79,na,na,na,na,na,na,68.291,na,na,na,na,na,na,na,na,na,33.277,na,na,na,na,na,na,na,na,na,na,na,46.887,na,na,na,na,na,na,na,na,na,na,na,na,139.199,na,na,na,71.243,na,na,na,na,na,na,na,na,na,na,na,na,na,na,na,na,na,22.489,na,na,na,na,na,na,39.245,na,na,na,na,na,na,na,na,na,na,na,na,na,na,na
1982,2517.5,-2884.6,-10646.9,46218.7,56865.6,10024.3,16766.3,na,na,2142.9,na,na,4130.6,32.1,205.3,na,na,na,na,na,10255.4,na,na,na,na,na,na,na,na,na,6742,-1712.3,2127.6,3839.9,-549.7,na,na,-4940.6,-4940.6,-2777,na,na,61.3,na,na,na,-2224.9,461.5,2517.5,51.9,10.1,2455.5,56.57,57.247,na,na,na,na,na,na,na,na,na,na,na,na,na,na,na,na,na,na,na,na,na,na,na,na,na,na,na,na,na,na,na,na,na,na,na,na,na,na,na,na,na,na,na,na,na,na,na,na,na,na,na,na,na,85.067,na,na,na,na,na,na,na,na,na,54.741,na,na,na,na,na,na,69.64,na,na,na,na,na,na,na,na,na,35.044,na,na,na,na,na,na,na,na,na,na,na,48.178,na,na,na,na,na,na,na,na,na,na,na,na,139.199,na,na,na,72.079,na,na,na,na,na,na,na,na,na,na,na,na,na,na,na,na,na,22.9,na,na,na,na,na,na,41.335,na,na,na,na,na,na,na,na,na,na,na,na,na,na,na
1983,2237.7,-1379.5,-9090.5,47178.6,56269.1,9312.8,16327.1,na,na,2154.9,na,na,4313.2,61,202.4,na,na,na,na,na,9595.6,na,na,na,na,na,na,na,na,na,7014.3,-1058.2,2159.5,3217.7,-543.6,na,na,-5204.4,-5204.4,-2291.7,na,na,102.5,na,na,na,-3015.2,-1587.2,2237.7,23.4,1.8,2212.5,57.157,57.352,na,na,na,na,na,na,na,na,na,na,na,na,na,na,na,na,na,na,na,na,na,na,na,na,na,na,na,na,na,na,na,na,na,na,na,na,na,na,na,na,na,na,na,na,na,na,na,na,na,na,na,na,na,85.02,na,na,na,na,na,na,na,na,na,55.202,na,na,na,na,na,na,70.402,na,na,na,na,na,na,na,na,na,37.824,na,na,na,na,na,na,na,na,na,na,na,48.739,na,na,na,na,na,na,na,na,na,na,na,na,139.199,na,na,na,72.242,na,na,na,na,na,na,na,na,na,na,na,na,na,na,na,na,na,23.578,na,na,na,na,na,na,43.427,na,na,na,na,na,na,na,na,na,na,na,na,na,na,na
1984,3250.6,-859,-5478.4,52336.6,57815,5396.8,12956.5,na,na,2239.8,na,na,4063.4,75,220.1,na,na,na,na,na,6358.2,na,na,na,na,na,na,na,na,na,7559.7,-264.7,2748,3012.7,-512.7,na,na,-3369.9,-3369.9,-2579.7,na,na,323.3,na,na,na,-1113.5,739.7,3250.6,-3.6,1.3,3252.9,58.645,58.227,na,na,na,na,na,na,na,na,na,na,na,na,na,na,na,na,na,na,na,na,na,na,na,na,na,na,na,na,na,na,na,na,na,na,na,na,na,na,na,na,na,na,na,na,na,na,na,na,na,na,na,na,na,84.674,na,na,na,na,na,na,na,na,na,57.137,na,na,na,na,na,na,70.492,na,na,na,na,na,na,na,na,na,42.312,na,na,na,na,na,na,na,na,na,na,na,50.863,na,na,na,na,na,na,na,na,na,na,na,na,139.199,na,na,na,72.938,na,na,na,na,na,na,na,na,na,na,na,na,na,na,na,na,na,24.83,na,na,na,na,na,na,46.786,na,na,na,na,na,na,na,na,na,na,na,na,na,na,na
1985,2941.7,44.7,-3341.5,50940.7,54282.2,3464,11261.6,na,na,2155.2,na,na,3744.1,103,205.5,na,na,na,na,na,5053.8,na,na,na,na,na,na,na,na,na,7797.6,337.9,3273.8,2935.9,-415.7,na,na,-1536.9,-1536.9,-1779.7,na,na,-384.6,na,na,na,627.4,1360.1,2941.7,17.6,26,2898.1,58.933,57.541,na,na,na,na,na,na,na,na,na,na,na,na,na,na,na,na,na,na,na,na,na,na,na,na,na,na,na,na,na,na,na,na,na,na,na,na,na,na,na,na,na,na,na,na,na,na,na,na,na,na,na,na,na,82.532,na,na,na,na,na,na,na,na,na,59.136,na,na,na,na,na,na,70.68,na,na,na,na,na,na,na,na,na,42.909,na,na,na,na,na,na,na,na,na,na,na,53.6,na,na,na,na,na,na,na,na,na,na,na,na,122.184,na,na,na,72.897,na,na,na,na,na,na,na,na,na,na,na,na,na,na,na,na,na,25.647,na,na,na,na,na,na,47.563,na,na,na,na,na,na,na,na,na,na,na,na,na,na,na
1986,1208.6,732.9,-2049,49433.2,51482.2,3126.7,11386.9,na,na,2136,na,na,3939,176.8,199.2,na,na,na,na,na,4935.9,na,na,na,na,na,na,na,na,na,8260.2,13.3,4093.6,4080.3,-358.1,na,na,1869.7,1869.7,-3706,na,na,1195.2,na,na,na,4380.5,2345.4,1208.6,31.4,24.8,1152.4,58.12,56.684,na,na,na,na,na,na,na,na,na,na,na,na,na,na,na,na,na,na,na,na,na,na,na,na,na,na,na,na,na,na,na,na,na,na,na,na,na,na,na,na,na,na,na,na,na,na,na,na,na,na,na,na,na,80.644,na,na,na,na,na,na,na,na,na,57.788,na,na,na,na,na,na,70.768,na,na,na,na,na,na,na,na,na,42.755,na,na,na,na,na,na,na,na,na,na,na,51.612,na,na,na,na,na,na,na,na,na,na,na,na,116.512,na,na,na,73.6,na,na,na,na,na,na,na,na,na,na,na,na,na,na,na,na,na,27.459,na,na,na,na,na,na,47.754,na,na,na,na,na,na,na,na,na,na,na,na,na,na,na
1987,2328.5,-217,-2409.9,61203.6,63613.5,3761.9,13499.1,na,na,2517.3,na,na,4597.3,212.1,189.9,na,na,na,na,na,5982.5,na,na,na,na,na,na,na,na,na,9737.2,-1192.5,5013.9,6206.4,-376.5,na,na,2475.1,2475.1,-5538.8,na,na,-530.8,na,na,na,8544.7,5020.6,2328.5,29.1,11.7,2287.7,58.401,56.595,na,na,na,na,na,na,na,na,na,na,na,na,na,na,na,na,na,na,na,na,na,na,na,na,na,na,na,na,na,na,na,na,na,na,na,na,na,na,na,na,na,na,na,na,na,na,na,na,na,na,na,na,na,80.951,na,na,na,na,na,na,na,na,na,56.905,na,na,na,na,na,na,71.2,na,na,na,na,na,na,na,na,na,43.247,na,na,na,na,na,na,na,na,na,na,na,52.2,na,na,na,na,na,na,na,na,na,na,na,na,116.846,na,na,na,74.461,na,na,na,na,na,na,na,na,na,na,na,na,na,na,na,na,na,28.268,na,na,na,na,na,na,50.329,na,na,na,na,na,na,na,na,na,na,na,na,na,na,na
1988,3343.6,3918,-19.6,81836.1,81855.7,5128.3,16860.9,na,na,3202.2,na,na,5377.5,198.2,192.9,na,na,na,na,na,7890.1,na,na,na,na,na,na,na,na,na,11732.6,-728.3,6444.3,7172.6,-462.4,na,na,3115.3,3115.3,-7118.5,na,na,589.6,na,na,na,9644.2,2540.9,3343.6,8.2,-12.2,3347.6,59.29,57.382,na,na,na,na,na,na,na,na,na,na,na,na,na,na,na,na,na,na,na,na,na,na,na,na,na,na,na,na,na,na,na,na,na,na,na,na,na,na,na,na,na,na,na,na,na,na,na,na,na,na,na,na,na,83.712,na,na,na,na,na,na,na,na,na,56.9,na,na,na,na,na,na,72.102,na,na,na,na,na,na,na,na,na,44.16,na,na,na,na,na,na,na,na,na,na,na,52.737,na,na,na,na,na,na,na,na,na,na,na,na,116.846,na,na,na,76.565,na,na,na,na,na,na,na,na,na,na,na,na,na,na,na,na,na,30.216,na,na,na,na,na,na,51.188,na,na,na,na,na,na,na,na,na,na,na,na,na,na,na
1989,5334.2,5808.4,-690.2,89046,89736.2,7445.6,20877.5,na,na,3584,na,na,6550.9,186.4,172.9,na,na,na,na,na,10383.3,na,na,na,na,na,na,na,na,na,13431.9,-372.8,7508.7,7881.5,-574.2,na,na,-3068.1,-3068.1,-3909.1,na,na,147.4,na,na,na,693.6,-3542.3,5334.2,-9.2,-4.5,5347.9,60.65,58.039,na,na,na,na,na,na,na,na,na,na,na,na,na,na,na,na,na,na,na,na,na,na,na,na,na,na,na,na,na,na,na,na,na,na,na,na,na,na,na,na,na,na,na,na,na,na,na,na,na,na,na,na,na,85.249,na,na,na,na,na,na,na,na,na,57.913,na,na,na,na,na,na,73.265,na,na,na,na,na,na,na,na,na,45.163,na,na,na,na,na,na,na,na,na,na,na,55.494,na,na,na,na,na,na,na,na,na,na,na,na,122.449,na,na,na,78.596,na,na,na,na,na,na,na,na,na,na,na,na,na,na,na,na,na,31.843,na,na,na,na,na,na,52.867,na,na,na,na,na,na,na,na,na,na,na,na,na,na,na
1990,9892.5,5695.7,-3037.3,99028.5,102065.8,10123.8,25878.6,na,na,4033.4,na,na,8427.8,160.3,166.8,na,na,na,na,na,13090.3,na,na,na,na,na,na,na,na,na,15754.8,-708.7,9440.7,10149.4,-682.1,na,na,-6009.8,-6009.8,-6418.1,na,na,1880.4,na,na,na,-1472.1,-1813,9892.5,3.5,-29.2,9918.2,62.743,58.489,58.259,na,na,na,na,na,na,na,na,na,na,na,na,na,na,na,na,na,na,na,na,na,na,na,na,na,na,na,na,na,na,na,na,na,na,na,na,na,na,na,na,na,na,na,na,na,58.218,na,na,na,na,na,na,85.986,na,na,na,na,na,na,na,na,na,62.102,na,na,na,na,na,na,75.765,na,na,na,na,na,na,na,na,na,47.407,na,na,na,na,na,na,na,na,na,na,na,60.144,na,na,na,na,na,na,na,na,na,na,na,na,125.254,na,na,na,80.047,na,na,na,na,na,na,na,na,na,na,na,na,na,na,na,na,na,34.469,na,na,na,na,na,na,54.662,na,na,na,na,na,na,na,na,na,na,na,na,na,na,na
1991,7262.8,8419.6,-268.9,105876.9,106145.8,10640,26504,na,na,4348.9,na,na,7973.8,197.4,161.7,na,na,na,na,na,13822.2,na,na,na,na,na,na,na,na,na,15864,-1186.5,10720.9,11907.4,-765,na,na,-2429.9,-2429.9,-7534.3,na,na,1566.9,na,na,na,3537.5,-3586.7,7262.8,-11.3,-29.9,7304,64.901,59.412,58.934,na,na,na,na,na,na,na,na,na,na,na,na,na,na,na,na,na,na,na,na,na,na,na,na,na,na,na,na,na,na,na,na,na,na,na,na,na,na,na,na,na,na,na,na,na,59.385,na,na,na,na,na,na,87.501,na,na,na,na,na,na,na,na,na,63.528,na,na,na,na,na,na,76.266,na,na,na,na,na,na,na,na,na,51.246,na,na,na,na,na,na,na,na,na,na,na,64.685,na,na,na,na,na,na,na,na,na,na,na,na,126.205,na,na,na,83.199,na,na,na,na,na,na,na,na,na,na,na,na,na,na,na,na,na,38.204,na,na,na,na,na,na,58.074,na,na,na,na,na,na,na,na,na,na,na,na,na,na,na
1992,9959,9535.5,-3047.8,108351.8,111399.6,13356.8,28986.2,na,na,4505.5,na,na,9333.4,273.4,160,na,na,na,na,na,14713.9,na,na,na,na,na,na,na,na,na,15629.4,50.7,11071.8,11021.1,-824.2,na,na,-2938.5,-2938.5,-1445.5,na,na,-4055.8,na,na,na,2562.8,-2515,9959,-77.4,117.4,9919,66.357,60.127,59.549,na,na,na,na,na,na,na,na,na,na,na,na,na,na,na,na,na,na,na,na,na,na,na,na,na,na,na,na,na,na,na,na,na,na,na,na,na,na,na,na,na,na,na,na,na,60.195,na,na,na,na,na,na,89.624,na,na,na,na,na,na,na,na,na,65.162,na,na,na,na,na,na,78.07,na,na,na,na,na,na,na,na,na,52.517,na,na,na,na,na,na,na,na,na,na,na,66.741,na,na,na,na,na,na,na,na,na,na,na,na,126.205,na,na,na,85.163,na,na,na,na,na,na,na,na,na,na,na,na,na,na,na,na,na,40.691,na,na,na,na,na,na,60.027,na,na,na,na,na,na,na,na,na,na,na,na,na,na,na
1993,12153.7,6636.4,-4490.5,125713.1,130203.6,14170.1,32580.1,na,na,5127.7,na,na,10334.5,423,161.1,na,na,na,na,na,16533.8,na,na,na,na,na,na,na,na,na,18410,-2067.5,10818.9,12886.4,-975.7,na,na,-256.8,-256.8,-4095.1,na,na,8023.9,na,na,na,-4185.6,5260.5,12153.7,14,91.6,12048.1,67.878,60.707,59.548,na,na,na,na,na,na,na,na,na,na,na,na,na,na,na,na,na,na,na,na,na,na,na,na,na,na,na,na,na,na,na,na,na,na,na,na,na,na,na,na,na,na,na,na,na,61.353,na,na,na,na,na,na,90.824,na,na,na,na,na,na,na,na,na,67.547,na,na,na,na,na,na,79.315,na,na,na,na,na,na,na,na,na,54.229,na,na,na,na,na,na,na,na,na,na,na,68.75,na,na,na,na,na,na,na,na,na,na,na,na,125.22,na,na,na,86.696,na,na,na,na,na,na,na,na,na,na,na,na,na,na,na,na,na,42.421,na,na,na,na,na,na,64.044,na,na,na,na,na,na,na,na,na,na,na,na,na,na,na
1994,7301.7,17205.1,1967.5,149464.6,147497.1,16232.9,37595,na,na,6174.4,na,na,10357.9,503.8,159.9,na,na,na,na,na,20399,na,na,na,na,na,na,na,na,na,21362.1,146.2,12855,12708.8,-1141.5,na,na,14155.8,14155.8,-6068.7,na,na,11801.3,na,na,na,8423.2,4252.4,7301.7,-74.1,23.7,7352.1,69.978,62.855,61.41,na,na,na,na,na,na,na,na,na,na,na,na,na,na,na,na,na,na,na,na,na,na,na,na,na,na,na,na,na,na,na,na,na,na,na,na,na,na,na,na,na,na,na,na,na,63.761,na,na,na,na,na,na,92.928,na,na,na,na,na,na,na,na,na,68.477,na,na,na,na,na,na,80.056,na,na,na,na,na,na,na,na,na,55.748,na,na,na,na,na,na,na,na,na,na,na,73.989,na,na,na,na,na,na,na,na,na,na,na,na,125.369,na,na,na,87.776,na,na,na,na,na,na,na,na,na,na,na,na,na,na,na,na,na,43.789,na,na,na,na,na,na,65.856,na,na,na,na,na,na,na,na,na,na,na,na,na,na,na
1995,12173.9,20532.4,14842.5,188537,173694.5,6045.7,36892.1,146.1,1720.8,11811.2,4602.9,7208.3,10786.5,939.8,141.8,409.4,4786.8,1106.7,68,20.8,4954.2,20.7,278.1,57.6,2532.5,669,51.9,75.1,867.6,308.7,30846.4,900.1,15816,14915.9,-1255.9,1186.2,2442.1,7908.4,7908.4,-6326.3,10601.2,16927.5,21231.9,11894.8,9352.7,na,-6997.2,-450.1,12173.9,18.1,51.8,12104,71.185,64.301,62.335,na,na,na,na,na,na,na,na,na,na,na,na,na,na,na,na,na,na,na,na,na,na,na,na,na,na,na,na,na,na,na,na,na,na,na,na,na,na,na,na,na,na,na,na,na,65.696,na,na,na,na,na,na,94.326,na,na,na,na,na,na,na,na,na,69.148,na,na,na,na,na,na,83.769,na,na,na,na,na,na,na,na,na,56.566,na,na,na,na,na,na,na,na,na,na,na,74.727,na,na,na,na,na,na,na,na,na,na,na,na,122.336,na,na,na,88.65,na,na,na,na,na,na,na,na,na,na,na,na,na,na,na,na,na,45.561,na,na,na,na,na,na,66.743,na,na,na,na,na,na,na,na,na,na,na,na,na,na,na
1996,10406.6,19860.6,15977.1,200086.6,184109.5,6256.5,38396.7,283.2,1863.7,12356.2,5047,7309.2,10436.6,932,154.2,415,5051.2,1183.3,74.9,17.3,5629.1,18.5,231,55.7,2781.6,758.6,65.9,289.2,972.8,353.3,32140.2,-975.4,14466.4,15441.8,-1397.6,1463.6,2861.2,14319,14319,-2860.2,13259.9,16120.1,21516.9,4318,13825.8,na,-4337.7,4865,10406.6,16.3,-7.4,10397.7,72.167,65.659,63.369,na,na,na,na,na,na,na,na,na,na,na,na,na,na,na,na,na,na,na,na,na,na,na,na,na,na,na,na,na,na,na,na,na,na,na,na,na,na,na,na,na,na,na,na,na,67.355,na,na,na,na,na,na,94.868,na,na,na,na,na,na,na,na,na,69.791,na,na,na,na,na,na,84.266,na,na,na,na,na,na,na,na,na,57.666,na,na,na,na,na,na,na,na,na,na,na,75.093,na,na,na,na,na,na,na,na,na,na,na,na,121.615,na,na,na,89.727,na,na,na,na,na,na,na,na,na,na,na,na,na,na,na,na,na,47.624,na,na,na,na,na,na,67.647,na,na,na,na,na,na,na,na,na,na,na,na,na,na,na
1997,11855.7,23146.8,16679.3,212412.6,195733.3,5218,39271.6,378.3,2067.8,12734,5111.1,7622.9,9354.5,807.7,166.9,376.7,6272.4,1182,64.7,15,5851.6,25.3,227.6,61.4,3044.3,631.3,67,298.6,955,444.5,34053.6,2912.8,16517.3,13604.5,-1663.3,1776,3439.3,11517,11517,-4868.4,18445.7,23314.1,29972.8,7889.5,16490.9,na,-13587.4,225.9,11855.7,27.2,123.6,11704.9,73.627,66.993,64.89,na,na,na,na,na,na,na,na,na,na,na,na,na,na,na,na,na,na,na,na,na,na,na,na,na,na,na,na,na,na,na,na,na,na,na,na,na,na,na,na,na,na,na,na,na,68.5,na,na,na,na,na,na,95.675,na,na,na,na,na,na,na,na,na,71.833,na,na,na,na,na,na,84.138,na,na,na,na,na,na,na,na,na,59.531,na,na,na,na,na,na,na,na,na,na,na,78.553,na,na,na,na,na,na,na,na,na,na,na,na,118.842,na,na,na,88.87,na,na,na,na,na,na,na,na,na,na,na,na,na,na,na,na,na,48.951,na,na,na,na,na,na,68.544,na,na,na,na,na,na,na,na,na,na,na,na,na,na,na
1998,4980.6,31265.4,26616.8,201010,174393.2,4224.4,38288.3,296.7,2609.4,15057.3,8088.6,6968.7,7701.5,648.9,182,330.1,4608.3,1126,82.6,24.3,5621.2,30.7,328.7,43.9,3140.6,727.4,111,164.1,572.1,425.6,34063.9,2116.4,17924,15807.6,-1692.2,2016.9,3709.1,25330.7,25330.7,-3912,6060.4,9972.4,-2693.6,-18425.6,12487.4,na,31936.3,-954.1,4980.6,32.9,61.9,4885.8,73.428,67.156,64.213,na,na,na,na,na,na,na,na,na,na,na,na,na,na,na,na,na,na,na,na,na,na,na,na,na,na,na,na,na,na,na,na,na,na,na,na,na,na,na,na,na,na,na,na,na,69.453,na,na,na,na,na,na,94.36,na,na,na,na,na,na,na,na,na,73.68,na,na,na,na,na,na,84.445,na,na,na,na,na,na,na,na,na,61.722,na,na,na,na,na,na,na,na,na,na,na,74.551,na,na,na,na,na,na,na,na,na,na,na,na,114.494,na,na,na,85.576,na,na,na,na,na,na,na,na,na,na,na,na,na,na,na,na,na,51.396,na,na,na,na,na,na,69.713,na,na,na,na,na,na,na,na,na,na,na,na,na,na,na
1999,7321.2,25161.1,27264.8,217510.3,190245.5,-2394.3,40983.7,214,1749.7,17958.9,9976.4,7982.5,8625.3,705.1,196.8,280.4,4248.5,949.3,99.6,54,5902.1,23.8,348.2,32.5,3459.4,596.2,90.5,125.9,519.5,630.3,43378,1656.6,26083.4,24426.8,-1366,2309.4,3675.4,23059,23059,-17869.9,14085.1,31955,28201.8,12186.9,13191.1,na,12727.1,5219.1,7321.2,57.7,92.2,7171.3,73.445,67.74,65.002,na,na,na,na,na,na,na,na,na,na,na,na,na,na,na,na,na,na,na,na,na,na,na,na,na,na,na,na,na,na,na,na,na,na,na,na,na,na,na,na,na,na,na,na,na,69.864,na,na,na,na,na,na,92.519,na,na,na,na,na,na,na,na,na,72.747,na,na,na,na,na,na,84.393,na,na,na,na,na,na,na,na,na,61.883,na,na,na,na,na,na,na,na,na,na,na,74.301,na,na,na,na,na,na,na,na,na,na,na,na,112.965,na,na,na,84.835,na,na,na,na,na,na,na,na,na,na,na,na,na,na,na,na,na,53.581,na,na,na,na,na,na,70.752,na,na,na,na,na,na,na,na,na,na,na,na,na,na,na
2000,11843.5,18338,27177.3,267115.3,239938,-6742.8,44854.8,202.4,1755.3,20379.3,11595.5,8783.8,8864.7,925.4,212.7,231.8,3181.2,990.7,112,63.9,7935.4,29.7,557.1,44.5,4600.5,782.1,103.7,159,794,770.4,51597.6,-1012.5,26420.5,27433,-1084,2992.4,4076.4,9991.3,9991.3,-14941.5,11806.3,26747.8,36299.2,11793,9574.6,na,-11366.4,3496.8,11843.5,32.7,-159.8,11970.6,74.435,68.101,65.329,67.273,na,na,na,na,na,na,na,62.255,na,na,na,na,na,na,65.831,na,na,na,na,57.698,na,na,na,65.457,na,na,62.921,na,na,na,68.053,na,na,na,na,72.625,na,na,na,73.351,na,na,na,70.199,70.252,65.175,74.718,71.464,na,na,na,91.668,90.805,na,na,na,92.981,94.588,na,na,na,74.792,76.084,72.283,na,na,na,na,83.93,101.761,na,na,na,na,na,77.373,na,na,62.534,76.701,na,na,58.831,na,na,na,na,na,57.63,na,76.945,79.162,na,na,na,na,77.148,na,na,na,93.03,na,na,109.492,78.449,297.187,104.027,85.603,145.037,na,na,na,na,na,81.762,na,na,na,na,73.279,na,na,70.433,na,na,54.993,54.803,na,na,na,na,65.847,72.023,90.882,na,na,na,47.376,na,na,na,94.324,na,na,na,na,na,73.741
2001,-1603.3,23220.5,36860.4,247964.3,211103.9,-10320.3,46286.1,195,2099.5,20497.9,12079.2,8418.7,8312.4,732.9,228.5,346.2,3906.8,1297.4,135.6,98.2,8435.7,50.8,500,73.8,5002.7,900.9,101.8,180.2,778,763.3,56606.4,-1075.8,25986.8,27062.6,-2243.8,3481.2,5725,23443.1,23443.1,5729.2,36200.7,30471.5,40638.7,27235.8,7975,na,-22924.8,-1380.7,-1603.3,41.1,157,-1801.4,75.19,68.44,65.056,66.684,na,na,na,na,na,na,na,61.981,na,na,na,na,na,na,66.146,na,na,na,na,57.637,na,na,na,62.218,na,na,62.888,na,na,na,66.707,na,na,na,na,72.487,na,na,na,74.883,na,na,na,69.91,71.105,66.533,76.53,72.097,na,na,na,92.006,91.136,na,na,na,93.702,94.909,na,na,na,76.234,76.602,76.703,na,na,na,na,83.56,100.661,na,na,na,na,na,77.463,na,na,64.34,77.575,na,na,61.37,na,na,na,na,na,58.784,na,76.104,76.804,na,na,na,na,79.013,na,na,na,92.695,na,na,106.95,80.374,231.84,103.091,87.791,139.379,na,na,na,na,na,84.165,na,na,na,na,74.122,na,na,75.173,na,na,57.141,56.971,na,na,na,na,67.709,74.459,92.906,na,na,na,51.732,na,na,na,94.031,na,na,na,na,na,74.531
2002,2286.2,24651,40369.8,255090.9,214721.1,-9837.9,49936.3,369.5,3071.8,21539.3,12656.8,8882.5,7980.5,1001.9,246.7,543.2,4536.1,1365.6,302.9,77.5,8901.3,105.8,636.9,60.9,5288.3,771.7,172,172.1,680.4,935.8,59774.2,-3297.4,26263.1,29560.5,-2583.5,3938,6521.5,19807.5,19807.5,-5948.2,5076.8,11025,24752.7,3437.9,7461.2,na,1003,-2557.3,2286.2,27.7,133,2125.5,74.896,68.459,64.338,64.235,na,na,na,na,na,na,na,62.44,na,na,na,na,na,na,64.838,na,na,na,na,57.363,na,na,na,60.372,na,na,62.2,na,na,na,67.453,na,na,na,na,71.928,na,na,na,74.137,na,na,na,69.765,71.746,66.993,77.635,72.746,na,na,na,92.424,91.483,na,na,na,92.004,95.873,na,na,na,74.558,75.995,71.58,na,na,na,na,82.9,98.99,na,na,na,na,na,77.427,na,na,66.245,78.76,na,na,64.242,na,na,na,na,na,59.02,na,75.24,74.752,na,na,na,na,80.315,na,na,na,90.611,na,na,106.71,78.423,230.97,102.895,87.881,135.576,na,na,na,na,na,85.303,na,na,na,na,75.102,na,na,75.763,na,na,58.464,58.244,na,na,na,na,70.487,74.193,92.419,na,na,na,52.28,na,na,na,93.613,na,na,na,na,na,74.29
2003,11774.5,41342.2,64050,291669.2,227619.2,-16495.5,52966.2,303.1,2883.1,23343.2,15022.2,8321,6706.4,856.5,266.2,742.6,5681.5,1423.8,374.6,99.5,10285.7,80.3,531.2,89.6,6075.8,886.4,231.3,205.6,960.9,1108.7,69461.7,-4521.5,31058.5,35580,-1690.8,4714.3,6405.1,24893.5,24893.5,-23215.8,6490.9,29706.7,34820,13218.4,7167,na,13289.3,-4674.2,11774.5,46.3,131.2,11597,75.261,68.867,64.738,65.521,na,na,na,na,na,na,na,64.62,na,na,na,na,na,na,63.676,na,na,na,na,57.777,na,na,na,61.561,na,na,62.971,na,na,na,66.083,na,na,na,na,72.909,na,na,na,74.841,na,na,na,69.642,72.16,68.266,78.486,72.892,na,na,na,92.935,92.356,na,na,na,91.894,95.213,na,na,na,74.307,75.139,73.251,na,na,na,na,82.506,97.982,na,na,na,na,na,77.413,na,na,67.499,79.935,na,na,65.686,na,na,na,na,na,59.926,na,75.096,74.077,na,na,na,na,81.138,na,na,na,90.358,na,na,108.136,78.423,223.819,104.555,86.388,132.932,na,na,na,na,na,86.139,na,na,na,na,76.446,na,na,72.958,na,na,60.425,60.141,na,na,na,na,74.34,77.989,92.637,na,na,na,60.246,na,na,na,94.779,na,na,na,na,na,74.854
2004,20468.9,37547.2,68610.3,349196.9,280586.6,-17319.5,66795.8,353.2,3450.5,28630.3,18702.3,9928,8996.7,967.5,284.5,1093.8,6347.1,1778.8,743.4,121.3,14028.7,129.2,757.7,109.4,7467.4,1078,285.3,196.6,869.4,2895.2,84115.3,-11760.8,37898.9,49659.7,-1982.8,5116.7,7099.5,13774.8,13774.8,-19017.9,22207.2,41225.1,30094.1,25999.4,7756.1,na,2698.6,-3303.5,20468.9,122.7,-243.8,20590,76.518,70.255,66.829,67.851,na,na,na,na,na,na,na,69.565,na,na,na,na,na,na,64.443,na,na,na,na,62.204,na,na,na,63.494,na,na,64.065,na,na,na,65.953,na,na,na,na,73.989,na,na,na,76.463,na,na,na,69.63,72.952,70.219,79.476,73.358,na,na,80.201,93.098,92.708,na,na,na,93.254,94.58,na,na,na,74.232,74.741,74.208,na,na,na,na,81.859,98.923,na,na,na,na,na,75.682,na,na,71.255,81.009,na,na,71.943,na,na,na,na,na,60.498,86.939,76.202,75.89,na,na,na,na,81.102,na,na,na,89.349,na,na,108.12,78.976,212.15,104.835,87.616,130.771,na,na,na,na,na,87.055,na,na,na,na,83.934,na,na,73.574,na,na,62.626,62.378,na,na,na,na,75.827,83.053,93.205,na,na,na,70.326,na,na,na,95.043,na,na,na,na,na,76.378
2005,20396.7,49480.4,79303.6,403061.6,323758,-15723.2,75904.8,315,4797.7,32435.1,21286.1,11149,10334.5,1138,306.6,901.3,7662.7,1742.3,1082.3,119.4,15069.9,280,777.5,146.7,7984.2,1402.8,311.8,285.7,948.4,2677.5,91628,-12035.8,50586.2,62622,-2064.2,5227.8,7292,25966.1,25966.1,-11257.2,20892.4,32149.6,1542.4,5456.6,10105,na,35680.9,-3117.6,20396.7,2.4,-421.2,20815.5,76.877,71.159,68.193,68.749,na,na,na,na,na,na,na,73.083,na,na,na,na,na,na,66.02,na,na,na,na,62.257,na,na,na,64.046,na,na,63.805,na,na,na,67.74,na,na,na,na,75.333,na,na,na,77.552,na,na,na,71.061,73.484,71.421,79.819,73.749,na,na,80.473,93.224,93.046,na,na,na,93.515,93.921,na,na,na,75.17,74.675,78.192,na,na,na,na,79.355,98.394,na,na,na,na,na,72.048,na,na,71.616,81.036,na,na,72.418,na,na,na,na,na,60.996,86.936,74.312,73.005,na,na,na,na,81.861,na,na,na,87.385,na,na,106.886,79.047,186.221,104.286,88.643,125.913,na,na,na,na,na,90.514,na,na,na,na,84.145,na,na,75.713,na,na,64.622,64.392,na,na,na,na,77.588,86.721,93.555,na,na,na,79.441,na,na,na,92.845,na,na,na,na,na,76.803
2006,26995.7,63511.1,83145.1,445856.1,362711,-10616.4,92674.8,534.7,5701,35877.1,24748,11129.1,11973.5,1254.1,320.2,881.5,10713.1,2479.6,1084.8,129.8,21725.4,294.4,919.5,256.9,8790.8,2080.4,367.4,305.5,1187.4,7063,103291.2,-6405.1,67043.6,73448.7,-2612.5,4747.7,7360.2,26785.6,26785.6,-30295,31878.9,62173.9,25717.1,21314.7,11591.5,9203.6,22159.9,-9729.8,26995.7,10.3,-91,27076.4,77.617,72.261,69.529,69.574,na,na,na,na,na,na,na,73.97,na,na,na,na,na,na,68.107,na,na,na,na,63.319,na,na,na,64.986,na,na,64.65,na,na,na,68.617,na,na,na,na,81.886,na,na,na,79.11,na,na,na,72.587,74.396,72.48,81.004,74.614,na,na,80.564,93.919,94.232,na,na,na,93.476,92.97,na,na,na,77.639,75.214,86.53,na,na,na,na,78.856,98.085,na,na,na,na,na,71.432,na,na,72.256,82.549,na,na,72.933,na,na,na,na,na,61.436,86.936,73.105,70.347,na,na,na,na,84.579,na,na,na,86.718,na,na,105.858,79.503,156.855,104.041,88.076,121.963,na,na,na,na,na,91.549,na,na,na,na,84.881,na,na,75.276,na,na,66.652,66.406,na,na,na,na,80.258,88.857,94.039,na,na,na,81.763,na,na,na,95.631,na,na,na,na,na,77.572
2007,29297.6,74019.2,87616.6,469447.7,381831.1,-2343.2,110796.6,492.6,6605.6,43642.8,31104.6,12538.2,13663.5,1570.1,325.4,1137.1,15823.7,2830.2,1318.2,201.7,23185.7,373.7,985.9,306.5,10535,2202.1,364.6,389.9,1365.5,6070.7,113139.8,-7173.4,89373,96546.4,-4080.8,5295.8,9376.6,42826.3,42826.3,-9729.4,61613.7,71343.1,71511.1,49454.2,15970.3,965.4,-19920.8,-1895.3,29297.6,16.4,-71.6,29352.8,79.251,74.401,72.336,71.937,na,na,na,na,na,na,na,75.76,na,na,na,na,na,na,69.559,na,na,na,na,67.231,na,na,na,70.117,na,na,67.665,na,na,na,72.998,na,na,na,na,85.617,na,na,na,83.623,na,na,na,74.484,75.985,75.044,82.73,75.94,na,na,82.371,94.547,94.486,na,na,na,94.248,94.94,na,na,na,77.819,76.421,84.998,na,na,na,na,79.154,97.506,na,na,na,na,na,72.195,na,na,75.18,86.123,na,na,75.735,na,na,na,na,na,64.838,86.627,74.974,71.746,na,na,na,na,87.774,na,na,na,89.011,na,na,106.682,91.513,149.552,105.014,90.804,118.122,na,na,na,na,na,93.222,na,na,na,na,85.575,na,na,81.172,na,na,68.469,68.168,na,na,na,na,83.623,90.848,95.585,na,na,na,83.673,na,na,na,97.678,na,na,na,na,na,79.332
2008,18531.1,41319.8,58570.6,501154.2,442583.6,-1972,126155,452.1,8354.6,51108.8,38561.9,12546.9,15018.1,1942,348.1,1532.2,15719.6,3675.7,1717.1,465.1,25821.6,342.6,876.1,364.7,11885.6,3296.1,362.6,604.7,2215.5,5327.2,128127,-10076.9,70040,80116.9,-5201.9,5722.5,10924.4,18668.3,18668.3,-7971.2,11268.5,19239.7,-16380.4,-50755.8,19550.7,-5560.6,48580.5,-4120.4,18531.1,40.1,127.1,18363.9,84.504,80.154,79.365,83.338,na,na,na,na,na,na,na,84.038,na,na,na,na,na,na,72.774,na,na,na,na,75.116,na,na,na,93.657,na,na,71.894,na,na,na,77.419,na,na,na,na,90.044,na,na,na,89.4,na,na,na,80.311,80.713,79.3,85.242,81.015,na,na,86.718,95.943,95.987,na,na,na,94.262,96.224,na,na,na,89.48,87.254,100.162,na,na,na,na,81,99.96,na,na,na,na,na,73.792,na,na,79.275,90.971,na,na,79.868,na,na,na,na,na,69.303,86.884,78.081,74.148,na,na,na,na,92.708,na,na,na,99.11,na,na,106.864,91.942,145.485,105.243,94.215,114.96,na,na,na,na,na,97.165,na,na,na,na,87.913,na,na,86.776,na,na,71.667,71.383,na,na,na,na,86.765,92.64,97.622,na,na,na,85.422,na,na,na,98.702,na,na,na,na,83.746,83.623
2009,16456.2,46293.1,69653,421103.6,351450.6,-3298.6,117832,323.4,9128.1,43365.7,33042.6,10323.1,13417.7,2210.2,349.8,1544.6,15614.2,3804.1,2080.8,398,25595.4,372.3,1174.4,273.8,12742.1,3423.2,433.5,591.4,2315.5,3659.5,121130.6,-14647.7,71333.1,85980.8,-5413.6,6315.3,11728.9,33267.2,33267.2,12514,46602.1,34088.1,39492.4,49387.2,13928.1,20591.6,-39330.8,3430.3,16456.2,1661.2,119.7,14675.3,85.008,81.972,81.368,86.271,na,na,na,na,na,na,na,88.314,na,na,na,na,na,na,73.915,na,na,na,na,76.586,na,na,na,93.156,na,na,73.824,na,na,na,78.21,na,na,na,na,90.256,na,na,na,89.826,na,na,na,83.94,82.417,80.156,87.321,83.052,na,na,87.997,96.839,97.787,na,na,na,95.202,94.004,na,na,na,91.254,91.95,86.499,na,na,na,na,81.896,99.803,na,na,na,na,na,75.028,na,na,80.712,91.145,na,na,82.066,na,na,na,na,na,70.7,88.155,75.663,71.572,na,na,na,na,91.517,na,na,na,88.678,na,na,107.123,91.942,144.255,105.569,93.026,111.031,na,na,na,na,na,97.82,na,na,na,na,91.232,na,na,84.367,na,na,72.206,71.886,na,na,na,na,88.533,92.913,98.005,na,na,na,85.911,na,na,na,98.133,na,na,na,na,83.387,83.176
2010,57480.5,74987.5,86221.3,510544.9,424323.6,-185.1,136872.3,289.5,8648.4,52606.6,41214.6,11392,19331.2,3317.7,359.9,1406.5,16653.2,4831.2,2636.2,433.3,26358.6,355.9,1270.9,270,13538.1,2424.3,528.3,612.8,2909.7,3974.9,137057.4,-3532.9,86608.6,90141.5,-7515.8,7174.5,14690.3,23569.3,23569.3,-27154.6,48278,75432.6,41555,9272.9,13910.9,-4992.9,14161.8,6062.3,57480.5,-235.4,45.5,57670.4,87.408,83.085,83.269,87.965,na,na,na,na,na,na,na,89.86,na,na,na,na,na,na,75.742,na,na,na,na,78.516,na,na,na,91.279,na,na,75.21,na,na,na,82.54,na,na,na,na,93.187,na,na,na,90.134,na,na,na,85.185,83.04,81.058,87.773,83.579,na,na,88.016,97.37,98.448,na,na,na,95.572,94.139,na,na,na,93.299,92.789,94.88,na,na,na,na,82.745,99.801,na,na,na,na,na,76.149,na,na,82.17,92.32,na,na,84.086,na,na,na,na,na,72.1,88.491,83.459,81.365,na,na,na,na,91.237,na,na,na,91.567,na,na,104.736,91.942,129.032,103.731,93.926,108.953,na,na,na,na,na,96.951,na,na,na,na,91.727,na,na,87.352,na,na,74.663,74.366,na,na,na,na,90.43,93.523,98.598,na,na,na,86.306,na,na,na,99.248,na,na,na,na,86.101,85.923
2011,21487.7,78068.5,95027.5,564415.3,469387.8,1798.2,150013,260.4,9342.9,53523,41416.7,12106.3,22551.2,3035.4,368.9,1941,19128.6,6239.9,3345.4,556.8,29719.5,402.3,1807.2,302,14628.5,3397.2,558.1,658.8,2719.4,4808.3,148214.8,-12073.5,82707.3,94780.8,-6683.7,9268,15951.7,56668.4,56668.4,-21703.5,40123.3,61826.8,12584.4,-13746.7,12735.8,21480.7,44306.8,87.6,21487.7,-237.1,484.6,21240.2,91.995,85.618,86.233,89.618,na,na,na,na,na,na,na,92.425,na,na,na,na,na,na,80.286,na,na,na,na,82.201,na,na,na,95.255,na,na,77.984,na,na,na,85.658,na,na,na,na,95.181,na,na,na,92.502,na,na,na,87.533,85.306,83.353,89.438,85.896,na,na,89.173,97.502,98.763,na,na,na,95.115,93.728,na,na,na,101.694,101.499,101.515,na,na,na,na,88.076,99.945,na,na,na,na,na,83.141,na,na,84.119,94.729,na,na,86.122,na,na,na,na,na,74.253,88.987,93.402,93.548,na,na,na,na,92.123,na,na,na,95.916,na,na,103.159,91.942,120.222,102.463,92.588,106.923,na,na,na,na,na,87.474,na,na,na,na,91.952,na,na,91.026,na,na,77.339,76.988,na,na,na,na,95.128,94.393,99.63,na,na,na,87.163,na,na,na,98.98,na,na,na,na,89.73,89.561
2012,32605.9,65063.2,93667.2,563674.7,470007.5,-4327.9,161769.2,249.6,9053.1,55586.3,42864.3,12722,23487.3,3396.6,382.8,1922.3,20694.6,8403.2,3514.6,598.6,34480.2,407.3,2859.9,354.1,16451.4,4195.5,600.1,749.9,3117.9,5489.9,166097.1,-16398.4,81023.2,97421.6,-7877.7,10632.8,18510.5,30405.9,30405.9,-43526.7,25593.9,69120.6,98586.5,38125.7,13929.9,-21753.3,-2900.6,-2051.4,32605.9,-91.8,35.1,32662.6,96.205,87.608,88.343,91.293,na,na,na,na,na,na,na,94.161,na,na,na,na,na,na,83.499,na,na,na,na,85.76,na,na,na,98.113,na,na,79.893,na,na,na,86.714,na,na,na,na,95.172,na,na,na,94.354,na,na,na,89.728,87.223,86.271,89.401,87.566,na,na,89.903,98.948,100.298,na,na,na,96.078,95.022,na,na,na,110.25,110.549,107.367,na,na,na,na,90.192,100.005,na,na,na,na,na,85.915,na,na,87.786,97.139,na,na,90.557,na,na,na,na,na,79.305,89.021,100.017,100.734,na,na,na,na,96.549,na,na,na,98.958,na,na,103.061,91.942,117.591,102.476,93.536,104.306,na,na,na,na,na,90.245,na,na,na,na,92.212,na,na,92.039,na,na,80.478,80.195,na,na,na,na,96.243,95.396,99.976,na,na,na,87.733,na,na,na,98.739,na,na,na,na,92.995,92.662
2013,22730.9,60452.3,98574.6,573077.2,474502.6,-9616.4,177719.3,283.2,10767.2,57830.9,45929.4,11901.5,24063.3,3634.5,391.5,2135.6,23611.1,9552.3,4272.5,636.5,40540.7,400.3,4770.1,312.5,20139.2,5059.4,643.4,1148.6,3738.2,3928.1,187335.7,-20729.9,84661.7,105391.6,-7776,12548.7,20324.7,40184.5,40184.5,-23913.2,56657.4,80570.6,80128.2,21614.5,15413.5,-16409.3,378.8,2463.1,22730.9,56.6,181,22493.3,98.474,89.456,90.388,92.669,na,na,na,na,na,na,na,95.087,na,na,na,na,na,na,86.145,na,na,na,na,89.462,na,na,na,97.353,na,na,83.409,na,na,na,89.133,na,na,na,na,94.909,na,na,na,95.432,na,na,na,90.992,88.95,88.372,90.252,89.218,na,na,90.709,99.267,100.662,na,na,na,96.009,95.272,na,na,na,113.388,115.04,103.325,na,na,na,na,94.608,100.347,na,na,na,na,na,91.633,na,na,91.117,99.257,na,na,93.514,na,na,na,na,na,82.901,95.086,102.32,103.486,na,na,na,na,96.902,na,na,na,102.122,na,na,101.619,91.942,116.795,100.998,94.593,103.154,na,na,na,na,na,93.57,na,na,na,na,92.376,na,na,92.511,na,na,83.568,83.371,na,na,na,na,96.769,97.168,101.097,na,na,na,88.162,na,na,na,98.529,na,na,na,na,94.717,94.421
2014,8617.8,71612,109846.8,570951.4,461104.6,-16334.4,194843.2,424.4,9853.1,63918.8,50917.2,13001.6,24277.4,4241.5,395.3,1474.4,26664.5,10094.6,4953.5,801.4,47744.3,332.2,7954.3,389.6,21122.2,6021,676.8,914.6,4902.5,4899.9,211177.6,-13877.9,90129.7,104007.6,-8022.5,12431.1,20453.6,59919.4,59919.4,-20552.8,66491.6,87044.4,58961.1,21227.4,20108.5,-3616.3,25127.4,-3074.8,8617.8,-19.8,-212.6,8850.2,99.483,92.059,93.058,94.121,95.516,101.634,93.19,100.33,92.728,91.787,97.911,96.707,96.041,93.536,91.812,96.424,104.991,95.266,88.589,86.437,82.119,91.483,92.315,94.022,90.735,96.396,96.578,97.932,90.072,101.978,89.783,85.826,91.779,93.993,92.171,91.289,90.394,89.39,96.341,94.388,97.547,94.555,91.891,96.419,97.25,96.573,95.512,93.136,91.512,90.469,93.404,91.948,na,na,91.875,98.468,99.269,100.982,98.385,99.741,98.303,95.869,94.4,96.787,97.535,113.517,115.441,102.015,75.744,75.032,118.857,103.791,96.275,101.057,97.784,99.356,104.165,104.363,99.798,93.599,101.237,92.151,93.64,100.061,99.729,101.251,95.523,175.939,95.364,92.923,96.751,87.351,87.347,97.465,101.073,101.431,111.914,99.393,93.802,91.719,98.876,100.403,99.323,87.915,103.285,103.453,99.384,101.426,95.227,117.942,100.728,96.255,103.549,104.469,117.333,99.953,96.64,96.014,95.935,93.746,95.491,99.173,98.26,92.607,87.607,96.6,94.39,95.77,89.064,86.422,86.264,104,103.788,86.319,82.073,98.611,98.327,100.754,96.476,99.081,102.921,93.399,105.323,105.546,89.621,98.66,100.737,98.191,94.88,97.695,95.875,95.566
2015,1500.7,79154.5,127267.9,544736.4,417468.5,-11676.9,210622.7,346.5,9315.2,64097.1,50798.1,13299,22845.5,5312.7,397,1172.2,28879.7,12199,11894.1,852.8,53310.9,307.3,10231.9,382,23455.8,5183.1,766.8,1054.5,5883.3,5469.1,222299.6,-28892.8,98544.7,127437.5,-7543.7,13549.1,21092.8,72054.7,72054.7,-33753.8,62174,95927.8,84760.1,2389.6,25023.9,-7582.7,28631.1,-5599.1,1500.7,39.8,-231.6,1692.5,98.963,93.833,94.198,95.333,94.643,100.74,95.008,99.086,94.159,94.545,98.213,97.342,96.718,95.564,93.632,96.117,104.769,96.754,89.887,88.355,86.741,92.192,92.164,95.865,95.048,95.953,98.296,97.441,90.541,100.993,91.406,87.125,94.029,94.338,93.041,92.219,92.187,90.652,96.236,95.243,96.481,95.663,92.751,96.721,97.196,96.633,96.368,94.855,93.632,93.36,94.964,93.692,na,na,92.073,98.528,98.909,101.799,97.106,101.276,98.44,97.296,94.593,99.388,97.935,109.499,112.425,92.003,75.744,90.722,100.938,92.534,95.689,101.603,98.945,99.085,106.283,104.412,98.931,92.38,100.393,90.862,93.56,100.897,100.788,101.291,91.819,95.836,93.051,91.07,95.719,88.897,90.061,97.417,99.62,99.222,109.812,119.743,89.354,90.165,100.906,103.057,99.669,92.391,100.085,100.213,97.123,101.766,100.018,118.188,101.046,96.573,103.371,104.091,114.669,100.903,96.833,97.172,96.421,94.253,98.386,91.323,99.269,93.971,87.507,99.133,94.615,95.672,90.535,89.395,89.267,101,98.855,89.214,86.905,99.195,98.284,100.359,97.351,99.347,101.816,94.347,103.234,107.636,90.94,97.443,101.829,96.454,97.454,98.02,95.944,95.658
2016,-2455.3,78509.8,124532.9,515952.2,391419.3,-9012,210092.2,284.8,8537.7,57350.6,44010.3,13340.3,26190.7,6076.8,404.8,1363.2,30088.2,16745.5,9734.2,752.4,52563.3,321.5,10820.7,351.3,23611.1,4810.5,870.8,944.4,5116.8,4970.5,219104.2,-26731.5,108145.2,134876.7,-10279.6,15013.7,25293.3,81012.5,81012.5,-35736,54566.1,90302.1,20017.4,-14309.5,26237.3,16699.9,80031.2,47.4,-2455.3,-271.2,589.1,-2773.2,98.436,95.759,96.366,96.535,95.374,101.847,96.759,100.089,96.104,95.252,99.544,99.383,100.085,97.595,94.131,99.556,103.203,97.456,93.814,92.772,93.846,95.273,95.277,97.448,98.409,96.813,96.491,95.998,90.168,98.999,93.625,90.917,94.765,97.294,96.736,97.666,94.781,96.274,97.306,96.865,96.309,97.46,94.634,96.889,97.962,95.916,96.803,96.837,95.427,95.503,97.082,95.263,na,na,92.735,98.744,99.827,102.508,98.203,101.779,98.548,95.224,95.147,95.039,95.734,105.034,108.481,84.422,75.744,90.722,87.784,88.499,97.419,101.902,100.216,98.668,104.823,104.549,98.831,94.911,99.71,94.001,94.566,100.841,100.942,100.484,94.401,97.62,94.985,93.754,97.164,92.767,90.345,97.92,97.228,96.197,104.337,123.846,85.863,90.897,100.807,102.118,100,95.814,97.781,97.84,96.41,101.387,100.018,119.92,100.572,97.462,102.806,103.343,113.141,99.886,96.651,98.033,96.89,96.268,94.043,92.714,99.432,98.745,98.044,99.305,95.757,96.356,93.444,92.145,92.043,100,98.233,91.543,91.267,99.969,98.53,100.405,97.855,99.661,101.593,94.528,103.07,106.626,91.348,98.802,101.545,98.183,97.872,97.944,96.202,95.971
2017,37841.2,86077.7,138347.6,574961.7,436614.1,-12016.9,239588.9,247.1,8237.4,67489.1,52044.2,15444.9,27477.5,6710.4,408.9,1032.1,37370.2,18560.8,11138.7,691.2,60225.5,320.7,18071.4,379.1,23005.5,4294.1,1007.7,1095.3,4291.2,6851,251605.8,-32856.6,140025.4,172882,-7396.4,14357.1,21753.5,46469.7,46469.7,-49481.9,91601.5,141083.4,27772.2,22612.5,33943.9,11357,56822.4,-1766.8,37841.2,-23.1,-358.5,38222.8,99.004,97.104,97.608,97.127,94.898,102.175,97.328,100.159,97.186,96.653,99.24,99.943,100.08,100.178,94.168,100.491,102.165,98.63,96.172,95.837,99.082,96.861,96.16,98.013,99.654,97.577,94.05,96.15,92.443,98.059,96.136,93.481,97.388,99.264,98.177,97.597,96.076,99.623,99.29,98.759,99.863,99.154,96.444,97.345,97.797,96.135,98.05,97.946,96.828,96.598,98.167,96.88,na,na,94.331,99.345,100.053,100.77,99.575,100.796,99.771,96.927,96.796,97.164,95.58,102.372,104.145,91.772,81.463,100,95.935,95.26,98.45,100.815,99.624,97.947,103.222,102.44,98.905,97.125,99.522,96.671,96.924,100.731,100.913,100.084,96.725,99.535,97.166,95.852,98.54,96.321,94.333,99.507,99.756,100.279,104.327,123.774,93.673,98.393,98.612,97.866,100,98,97.779,97.776,97.866,101.951,100.018,118.718,101.217,97.781,101.919,102.373,109.113,99.652,98.456,98.347,97.599,97.933,94.527,95.05,98.755,99.794,100.016,99.616,96.128,96.016,96.559,94.924,94.852,100,100.49,94.355,94.436,100.457,98.67,99.423,98.532,100.116,99.447,94.8,103.893,103.803,91.956,101.139,101.823,100.984,97.994,100.033,97.85,97.742
2018,16924.5,81213.4,140294.3,621037.6,480743.3,10882.6,285030.5,370.3,9867.4,86317.2,69151.3,17165.9,27366.8,9484.8,413.5,1641.7,42842.3,20535,12085.8,1100,73005.7,352.7,24438,375.1,26117.3,5059.8,1042.8,1059.6,4887.5,8638.8,274147.9,-62198.7,146472.5,208671.2,-7764.8,24394.5,32159.3,63725.9,63725.9,-78344.9,32272.5,110617.4,71230.5,-15181.3,38875.3,28111.6,42728.7,-563,16924.5,11,363.8,16549.7,99.438,98.498,98.87,98.501,96.202,100.188,98.919,100.67,98.736,98.54,99.109,99.855,100.212,100.004,95.229,100.007,100.449,99.392,98.666,98.568,101.341,98.789,98.577,99.573,100.023,100.092,96.193,99.374,99.317,99.405,98.005,96.469,98.73,99.814,98.052,97.526,97.02,98.642,98.961,100.181,100.373,100.647,98.082,98.465,99.265,96.831,99.245,99.624,98.294,98.238,98.428,98.372,na,na,95.345,100.777,101.162,101.585,100.718,102.426,100.608,99.547,98.726,100.713,96.704,101.003,100.951,101.313,93.591,100,105.92,99.96,99.227,100.428,99.589,98.514,101.623,101.409,99.724,98.555,100.111,98.26,98.905,100.924,101.266,99.707,98.476,100.181,99.142,97.732,99.995,97.977,97.902,99.943,99.235,99.68,99.149,122.387,99.914,99.355,97.584,95.785,100,99.577,99.261,99.261,99.263,100.924,100.018,111.59,100.455,98.948,101.507,99.853,110.38,97.579,99.848,99.289,98.697,98.57,96.367,98.371,99.771,99.83,99.93,99.75,98.076,97.691,99.561,97.661,97.624,100,100.223,97.825,96.704,100.461,99.635,99.298,98.538,99.92,99.306,99.57,102.004,101.01,98.945,100.58,99.996,100.711,99.774,100.065,99.098,99.067
2019,-11442.8,82475.3,131405.8,601281.1,469875.3,20422.4,305171.8,266.9,10111.9,91494,73743.8,17750.2,27752.7,8817.2,419.2,1742.3,46197.8,20253.6,12298.8,1150,84667.4,410.4,28379.7,384.9,28650.6,7793.2,1121.9,1007.7,5191.8,10403.6,284749.4,-59592,151204.3,210796.3,-9760.9,24937.3,34698.2,93862.8,93862.8,-51994.2,92457.2,144451.4,146518.5,33380.9,82468.7,9126.6,-9788.1,-55.3,-11442.8,-8.1,185.4,-11620.1,100,100,100,100,100,100.001,100,100,100,100,100,100,100,100,100,100,100,100,100,100,100,100,100,100,100,100,100,100,100,100,100,100,100,100,100,100,100,100,100,100,100,100,100,100,100,100,100,100,100,100,100,100,100,100,100,100,100,100,100,100,100.001,100,100,100,100,100,100,100,100,100,100,100,100,100,100,100,100,100,100,100,100,100,100,100,100,100,100,100,100,100,100,100,100,100,100,100,100,100,100,100,100,100,100,100,100,100,100,100,100.001,100,100,100,100,100,100,100,100,100,100,100,100,100,100,100,100,100,100,100,100,100,100,100,100.001,100,100,100,100,100,100,100,100,100,100,100,100,100,100,100,100,100,100,100
2020,103316.5,79965.2,143071.5,576628.8,433557.3,8435.2,298836.7,236.8,8456.7,91884.2,78159,13725.2,7510.6,8437.8,411.9,1271.2,49768.1,26833.3,12867.3,1069.1,90089.7,549.2,34024.8,350.7,29066.5,8272.4,1254.6,1177.3,5297.8,8853,290401.5,-65760.4,148282.1,214042.5,-5781.1,27921.5,33702.6,-23159.6,-23159.6,-56486.4,54904.1,111390.5,83066.4,-7103.1,41964.5,-3996.4,-45743.2,191.7,103316.5,40.7,536.2,102739.6,99.818,101.862,102.898,101.93,101.754,97.863,101.012,102.042,104.24,102.306,101.159,105.503,107.985,103.407,110.144,101.46,107.535,105.441,100.992,100.857,100.026,99.794,103.104,101.928,100.141,104.039,99.79,101.78,100.242,102.395,101.689,103.151,100.935,100.794,105.019,103.743,106.288,105.685,105.582,105.213,100.723,106.464,102.506,103.585,101.013,105.618,104.937,101.288,101.367,101.493,101.371,101.275,101.636,101.184,101.644,96.16,96.312,95.55,96.449,97.381,99.275,95.048,94.546,94.713,99.651,99.714,100.392,94.523,100,100,90.78,96.344,100.285,99.956,100.438,99.848,99.228,99.191,101.588,100.507,100.969,100.428,98.463,98.581,98.091,100.12,96.486,89.059,77.558,99.837,95.19,101.057,101.485,100.009,99.27,98.641,100.999,117.56,92.687,95.284,103.075,106.961,99.043,97.67,96.935,96.615*,106.022,100.681,102.522,98.548,100.816,98.21,99.17,99.174,93.602,100.957,100.314,101.391,99.831,99.489*,104.064*,90.569*,100.014,100.47,100,100.761,97.030*,98.695*,92.746*,99.37,99.358,100,100.389,97.582,102.553,100.444,98.823,99.947,99.914,100.671*,99.657,99.024,97.588,96.158,99.879,94.88,98.31,93.133,97.078,100.039,99.683,99.657
2021,88907.2,115723.9,163556.6,687678,524121.4,47780.1,379678.8,489.9,9158.3,140949.7,127226.5,13723.2,5395.7,9004.1,422,1202.7,53120.1,31728.2,16377.3,3427.7,108403.1,504.5,46820.6,310.7,30186.3,11324.5,1362.6,1490,5710.2,9191,331898.7,-87232.2,213177.4,300409.6,-8380.6,25443.4,33824,26974.2,26974.2,-101972.1,82446.9,184419,99429.1,10943,55035.7,-1015.6,30532.8,157.5,88907.2,7036.8,-93.9,81964.3,102.119,103.326,104.546,102.592,99.802,95.925,102.135,103.317,104.667,103.838,102.45,105.841,107.009,108.39,108.786,102.97,105.366,106.355,101.492,101.197,101.008,100.731,103.522,103.461,100.478,105.259,104.933,103.02,102.098,103.389,104.434,103.218,106.117,101.3,110.43,113.188,114.528,106.231,106.552,105.882,101.652,106.908,103.881,105.289,103.186,106.865,106.472,102.832,102.744,102.659,102.992,102.785,103.01,102.728,102.329,90.845,90.942,92.318,90.293,91.084,96.656,89.359,89.885,87.842,96.204,101.1,101.841,95.432,100,100,91.382,102.044,101.766,101.576,102.634,102.818,97.227,101.315,101.532,101.894,99.974,102.222,99.579,98.605,98.386,99.291,96.811,88.619,73.305,100.379,97.371,101.942,102.998,104.904,108.055,109.898,115.494,139.579,109.088,93.196,104.895,106.996,103.631,97.253,100.839,100.542*,109.262,100.095,92.955,94.782,100.493,99.228,98.893,95.969,96.035,98.822,100.604,103.231,101.068,101.528*,106.689,92.63,99.417,100.74,100,101.197,98.369*,100.026*,94.102*,100.633,100.636,100,100.422,98.413,105.096,100.355,98.282,98.496,99.715,101.049,97.114,98.947,97.84,95.32,99.879,96.432,97.139,96.071,95.309,100.02,102.128,102.197
2022,-157431.5,123668.4,207508.1,812570.9,605062.8,57300.3,464007.9,685.5,10426.1,185669.1,162837.6,22831.5,15711.4,11442.1,444.3,1601.4,55955.7,34168.4,18223.1,4321.9,125358.9,673.8,55289.2,307.8,35216.9,11347.7,1392.8,1431.5,6261.5,11827.7,406707.6,-131700.5,217679.6,349380.1,-9439.5,31028,40467.5,278874,278874,-133087.4,72008.2,205095.6,83058,3178.1,123453.6,3544.3,325359.1,-2225.9,-157431.5,-2.5,4.7,-157433.7,108.37,108.813,110.088,106.683,98.426,97.892,107.311,110.189,112.422,108.106,104.828,115.94,109.057,115.234,123.128,130.618,111.291,110.05,106.762,108.16,110.322,101.405,107.981,109.49,102.505,108.213,128.933,110.351,107.809,111.367,107.852,105.11,110.754,104.061,115.725,119.948,121.617,106.642,111.981,109.276,105.39,110.073,107.965,110.153,107.104,113.943,110.489,106.284,108.204,107.747,107.24,108.64,109.162,108.508,106.967,93.416,93.689,94.761,93.44,92.474,99.965,91.227,89.31,91.993,96.018,106.406,106.158,108.31,100,116.729,111.145,111.906,103.842,104.67,105.998,108.126,97.774,104.089,104.966,103.286,103.615,103.23,101.746,99.858,99.783,100.09,99.498,94.428,82.815,101.151,100.895,104.591,104.92,106.945,125.793,130.958,143.699,157.964,129.683,94.946,112.37,109.326,118.341,102.066,113.6,112.427*,146.841,98.896,97.149,98.759,98.915,103.484,100.788,94.752,100.399,98.992,103.813,107.168,105.232,106.053*,113.372,109.304,100.836,101.583,100.006,102.559,103.586*,107.109*,94.520*,102.747,102.768,100,100.434,99.938,109.08,100.783,98.739,100.14,101.425,101.531,99.218,100.16,97.458,97.748,101.195,97.16,94.082,98.728,94.962,95.772,108.705,108.992
2023,81837.6,133105.4,207835.9,733068,525232.1,43708.8,440495.4,575.8,11108.6,141343.8,114277.5,27066.3,28288.2,12110.2,464.3,1822.2,58605.1,34462.7,18566.1,4522.5,128625.9,726.6,57805.6,319.6,36254.8,10867,1397.6,1372,6304.3,11929.8,396786.6,-108431.7,236965,345396.7,-10007.6,33507.4,43515,47563.5,47563.5,-150717.8,84590.6,235308.4,128765.8,73075.8,43493.6,1302.3,68213.2,-3704.3,81837.6,-168.6,-131,82137.2,113.595,115.122,115.75,113.923,101.378,108.495,116.069,117.322,120.025,115.357,115.356,123.621,115.577,118.423,131.423,145.167,113.699,115.492,112.403,110.925,117.917,112.076,116.878,115.868,107.178,112.553,145.09,113.771,116.616,112.633,111.739,108.351,114.646,109.553,117.779,119.001,124.292,109.811,117.301,114.041,112.204,114.947,111.51,116.573,112.151,119.241,119.656,112.753,114.822,114.117,115.484,115.258,115.661,115.155,113.695,95.75,94.425,97.229,93.583,92.233,109.021,97.178,96.718,97.468,97.663,111.002,110.97,111.247,101.023,117.821,116.09,110.331,105.793,106.339,109.299,106.48,98.74,104.72,108.428,105.427,108.175,104.958,106.321,101.306,101.557,100.52,105.436,107.522,98.748,103.949,107.465,111.003,109.641,110.81,133.752,141.608,160.415,158.264,124.702,100.712,116.096,112.66,122.219,107.653,110.352,109.406*,137.137,101.781,99.54,96.613,102.143,109.819,102.957,94.008,102.145,99.5,112.537,111.075,109.981,110.392,120.835,122.091,104.506,102.932,99.981,104.759,112.187*,114.529*,106.159*,105.544,105.569,99.259,99.283,101.066,116.325,103.158,101.772,103.492,106.952,104.541,102.119,110.208,100.9,102.23,113.712,97.317,96.097,97.939,93.845,95.154,113.973,114.334